"fileName","projectID","fileID","slug","name"
"aether-1.21.1-1.5.10-neoforge.jar","255308","7043502","the-aether","The Aether"
"alexsmobs-2.2.2-neoforge+1.21.1.jar","1635121","8915544","alexs-mobs-continued","Alex's Mobs Continued"
"AmbientSounds_NEOFORGE_v6.3.9_mc1.21.1.jar","254284","9037168","ambientsounds","AmbientSounds 6"
"amendments-1.21-2.1.10-neoforge.jar","896746","8825641","amendments","Amendments"
"another_furniture-neoforge-4.0.3.jar","610492","8955672","another-furniture","Another Furniture"
"appleskin-neoforge-mc1.21-3.0.9.jar","248787","7854442","appleskin","AppleSkin"
"appliedenergistics2-19.2.18.jar","223794","8992605","ae2","Applied Energistics 2"
"architectury-13.0.11-neoforge.jar","419699","8492726","architectury-api","Architectury API"
"ars_nouveau-1.21.1-5.13.3.jar","401955","9052154","ars-nouveau","Ars Nouveau"
"artifacts-neoforge-13.2.5.jar","312353","8791899","artifacts","Artifacts"
"athena-neoforge-1.21.1-4.0.6.jar","841890","8061947","athena","Athena"
"balm-neoforge-1.21.1-21.0.66.jar","531761","8969738","balm","Balm"
"barbequesdelight-1.3.0.jar","1007788","8004721","barbeques-delight","Barbeque's Delight [Forge/NeoForge]"
"bclib-21.0.26.jar","1422283","8608827","bclib-neoforge","BCLib"
"beautify-neoforge-1.21.1-2.0.2.jar","633252","5947973","beautify-decorate","Beautify"
"better-advanced-tooltips-2101.1.0-build.5.jar","1637623","8576077","better-advanced-tooltips","Better Advanced Tooltips"
"BetterEnd-21.0.35.jar","1422294","8896285","betterend-neoforge","BetterEnd"
"BetterNether-21.0.27.jar","1422293","8896389","betternether-neoforge","BetterNether"
"BrewinAndChewin-neoforge-4.5.0+1.21.1.jar","637808","8309583","brewin-and-chewin","Brewin' And Chewin'"
"chipped-neoforge-1.21.1-4.0.2.jar","456956","5813117","chipped","Chipped"
"Chunky-NeoForge-1.4.23.jar","485681","6383261","chunky-pregenerator-forge","Chunky (Forge/NeoForge)"
"citadel-2.7.1-1.21.1.jar","331936","8458935","citadel","Citadel"
"cloth-config-15.0.140-neoforge.jar","348521","5729127","cloth-config","Cloth Config API (Fabric/Forge/NeoForge)"
"Clumps-neoforge-1.21.1-19.0.0.1.jar","256717","5623731","clumps","Clumps"
"codxlib-1.6.1-neoforge+1.21.1.jar","1633207","8893360","codxlib","Codxlib"
"comforts-neoforge-9.0.5+1.21.1.jar","276951","7515858","comforts","Comforts"
"Controlling-neoforge-1.21.1-19.0.5.jar","250398","6368976","controlling","Controlling"
"cookscollection-0.6.1.jar","1222140","8937656","cooks-collection","Cook's Collection"
"copycats-3.0.9+mc.1.21.1-neoforge.jar","968398","8822348","copycats","Create: Copycats+"
"corail_woodcutter-neoforge-1.21.1-3.4.2.jar","331983","5749639","corail-woodcutter","Corail Woodcutter"
"Corgilib-NeoForge-1.21.1-5.0.0.9.jar","693313","7773534","corgilib","CorgiLib"
"create_connected-1.3.3-mc1.21.1.jar","947914","8777573","create-connected","Create Connected"
"create-1.21.1-6.0.10.jar","328085","7963363","create","Create"
"createaddition-1.7.2.jar","439890","9029800","createaddition","Create Crafts & Additions"
"createdeco-2.1.3.jar","509285","7943181","create-deco","Create Deco"
"CreateDragonsPlus-1.11.9.jar","1216624","8900055","create-dragons-plus","Create: Dragons Plus"
"create-enchantment-industry-2.5.4.jar","688768","8900719","create-enchantment-industry","Create: Enchantment Industry"
"createfood-neoforge-1.21.1-3.0.0.jar","959439","8995951","create-food","Create: Food"
"CreativeCore_NEOFORGE_v2.13.50_mc1.21.1.jar","257814","9009568","creativecore","CreativeCore"
"cristellib-neoforge-1.21.1-3.1.7.jar","856996","8241767","cristel-lib","Cristel Lib"
"culturaldelights-1.21.1-0.18.1.jar","574622","8876969","cultural-delights","Cultural Delights"
"curios-neoforge-9.5.1+1.21.1.jar","309927","6529130","curios","curios"
"DungeonsArise-1.21.1-2.1.68-release.jar","442508","7150870","when-dungeons-arise","When Dungeons Arise - Forge!"
"embeddium-1.0.15+mc1.21.1.jar","908741","6118392","embeddium","Embeddium"
"endrem-neoforge-1.21.1-6.3.0.jar","404183","8503446","endremastered","endremastered"
"entityculling-neoforge-1.11.2-mc1.21.1.jar","448233","8942303","entityculling","Entity Culling"
"everycomp-1.21-2.11.52-neoforge.jar","628539","8906311","every-compat","Every Compat (Wood Good)"
"ExplorersCompass-1.21.1-3.4.0-neoforge.jar","491794","7892943","explorers-compass","Explorer's Compass"
"exposure-neoforge-1.21.1-1.9.19.jar","871755","8957000","exposure","Exposure"
"FarmersDelight-1.21.1-1.3.4.jar","398521","8765184","farmers-delight","Farmer's Delight"
"Feature-Recycler-neoforge-2.0.0.jar","1077985","5829420","feature-recycler","Feature Recycler"
"ferritecore-7.0.3-neoforge.jar","429235","7524151","ferritecore","FerriteCore"
"framework-neoforge-1.21.1-0.13.11.jar","549225","7530361","framework","Framework"
"ftb-chunks-neoforge-2101.1.22.jar","314906","8791113","ftb-chunks-forge","FTB Chunks"
"ftb-library-neoforge-2101.1.37.jar","404465","9008089","ftb-library-forge","FTB Library"
"ftb-quests-neoforge-2101.1.36.jar","289412","8885017","ftb-quests-forge","FTB Quests"
"ftb-teams-neoforge-2101.1.11.jar","404468","8724782","ftb-teams-forge","FTB Teams"
"ftb-xmod-compat-neoforge-21.1.12.jar","889915","8909889","ftb-xmod-compat","FTB XMod Compat"
"fusion-1.3.15b-neoforge-mc1.21.1.jar","854949","8942891","fusion-connected-textures","Fusion (Connected Textures)"
"fzzy_config-0.7.7+1.21+neoforge.jar","1005914","8883390","fzzy-config","Fzzy Config"
"geckolib-neoforge-1.21.1-4.9.3.jar","388172","8893490","geckolib","GeckoLib"
"guideme-21.1.19.jar","1173950","8897145","guideme","GuideME"
"handcrafted-neoforge-1.21.1-4.0.3.jar","538214","6330030","handcrafted","Handcrafted"
"ImmediatelyFast-NeoForge-1.6.14+1.21.1.jar","686911","8875640","immediatelyfast","ImmediatelyFast"
"immersive_armors-1.7.6+1.21.1-neoforge.jar","580681","8076920","immersive-armors","Immersive Armors"
"ImmersiveEngineering-1.21.1-12.4.2-194.jar","231951","6733669","immersive-engineering","Immersive Engineering"
"inventoryessentials-neoforge-1.21.1-21.1.20.jar","368825","9035078","inventory-essentials","Inventory Essentials"
"irons_lib-1.21.1-2.2.0.jar","1492763","8973642","irons-lib","irons-lib"
"irons_spellbooks-1.21.1-3.16.3.jar","855414","8680204","irons-spells-n-spellbooks","irons-spells-n-spellbooks"
"Jade-1.21.1-NeoForge-15.10.6.jar","324717","8591319","jade","Jade"
"jei-1.21.1-neoforge-19.57.0.450.jar","238222","9009406","jei","Just Enough Items (JEI)"
"kotlinforforge-5.12.0-all.jar","351264","8335665","kotlin-for-forge","Kotlin for Forge"
"kubejs-neoforge-2101.7.2-build.377.jar","238086","8843626","kubejs","KubeJS"
"L_Enders_Cataclysm-1.21.1-3.33.jar","551586","8931182","lendercataclysm","lendercataclysm"
"letsdo-API-forge-1.3.0-beta-release-forge.jar","864599","5730908","do-api","[Let's Do] API "
"letsdo-bakery-neoforge-2.1.7.jar","1038130","8968388","lets-do-bakery-farm-charm-compat","Bakery Farm&Charm Compat"
"letsdo-farm_and_charm-neoforge-1.1.26.jar","1038103","8967051","lets-do-farm-charm","[Let's Do] Farm & Charm"
"letsdo-meadow-neoforge-1.4.9.jar","821483","8913735","lets-do-meadow","[Let's Do] Meadow"
"letsdo-vinery-neoforge-1.5.4.jar","704465","8918247","lets-do-vinery","Vinery"
"lionfishapi-3.1.jar","1001614","8345326","lionfish-api","lionfish-api"
"lithium-neoforge-0.15.4+mc1.21.1.jar","360438","8330365","lithium","Lithium"
"lithostitched-1.8.0-neoforge-21.1.jar","936015","8944659","lithostitched","Lithostitched"
"lodestone-1.21.1-1.8.2.jar","616457","7264731","lodestone","lodestone"
"lootr-neoforge-1.21.1-1.11.38.127.jar","361276","8968561","lootr","Lootr"
"malum-1.21.1-1.8.2.jar","484064","7307339","malum","malum"
"mcw-bridges-3.1.2-mc1.21.1neoforge.jar","351725","7627896","macaws-bridges","Macaw's Bridges"
"mcw-doors-1.1.5-mc1.21.1neoforge.jar","378646","7618651","macaws-doors","Macaw's Doors"
"mcw-furniture-3.4.1-mc1.21.1neoforge.jar","359540","7255584","macaws-furniture","Macaw's Furniture"
"mcw-lights-1.1.5-mc1.21.1neoforge.jar","502372","7304075","macaws-lights-and-lamps","Macaw's Lights and Lamps"
"mcw-mcwfences-1.2.1-mc1.21.1neoforge.jar","453925","7308338","macaws-fences-and-walls","Macaw's Fences and Walls"
"mcw-mcwpaths-1.1.1-mc1.21.1neoforge.jar","629153","7029451","macaws-paths-and-pavings","Macaw's Paths and Pavings"
"mcw-mcwwindows-2.4.2-mc1.21.1neoforge.jar","363569","7317672","macaws-windows","Macaw's Windows"
"mcw-roofs-2.3.2-mc1.21.1neoforge.jar","352039","6494399","macaws-roofs","Macaw's Roofs"
"Mekanism-1.21.1-10.7.19.85.jar","268560","7904058","mekanism","Mekanism"
"MekanismGenerators-1.21.1-10.7.19.85.jar","268566","7904061","mekanism-generators","Mekanism Generators"
"MekanismTools-1.21.1-10.7.19.85.jar","268567","7904062","mekanism-tools","Mekanism Tools"
"modernfix-neoforge-5.27.24+mc1.21.1.jar","790626","8774737","modernfix","ModernFix"
"modonomicon-1.21.1-neoforge-1.120.7.jar","538392","8970913","modonomicon","Modonomicon"
"moonlight-1.21.1-3.7.0-neoforge.jar","499980","8981395","selene","Moonlight Lib"
"MouseTweaks-neoforge-mc1.21-2.26.1.jar","60089","5637846","mouse-tweaks","Mouse Tweaks"
"MyNethersDelight-1.21.1-1.10.4.1.jar","1003673","8854319","my-nethers-delight","My Nether's Delight"
"naturalist-2.0.5-neoforge-1.21.1.jar","627986","9004373","naturalist","Naturalist"
"NaturesCompass-1.21.1-3.4.0-neoforge.jar","252848","7892954","natures-compass","Nature's Compass"
"Neoforgectov-3.6.3.jar","623908","7788733","choicetheorems-overhauled-village","CTOV"
"occultism-1.21.1-neoforge-1.224.4.jar","361026","8745224","occultism","Occultism"
"oceansdelight-neoforge-1.0.4-1.21.1.jar","841262","7939973","oceans-delight","Ocean's Delight"
"Oh-The-Biomes-Weve-Gone-NeoForge-2.6.0.jar","1070751","8245253","oh-the-biomes-weve-gone","Oh The Biomes We've Gone"
"Oh-The-Trees-Youll-Grow-neoforge-1.21.1-5.3.3.jar","962544","9052110","oh-the-trees-youll-grow","Oh The Trees You'll Grow"
"owo-lib-neoforge-0.12.15.5-beta.1+1.21.jar","532610","6785734","owo-lib","oÏ‰o"
"player-animation-lib-forge-2.0.4+1.21.1.jar","658587","7389814","playeranimator","playeranimator"
"polymorph-neoforge-1.2.0+1.21.1.jar","388800","8849478","polymorph","Polymorph"
"PresenceFootsteps-1.21.1-1.12.0-beta.1-1.21NeoForge.jar","1390302","7252696","presence-footsteps-neoforge","Presence Footsteps NeoForge"
"rechiseled-1.2.6-neoforge-mc1.21.jar","558998","8875899","rechiseled","Rechiseled"
"resourcefulconfig-neoforge-1.21-3.0.11.jar","714059","6467772","resourceful-config","Resourceful Config"
"resourcefullib-neoforge-1.21-3.0.12.jar","570073","5973188","resourceful-lib","Resourceful Lib"
"rhino-2101.2.8-build.91.jar","416294","8463898","rhino","Rhino"
"Searchables-neoforge-1.21.1-1.0.2.jar","858542","5831692","searchables","Searchables"
"simplyswords-neoforge-1.70.2-1.21.1.jar","659887","8746001","simply-swords","Simply Swords [Fabric & Forge]"
"SimplyTooltips-neoforge-0.1.5.jar","1475755","8715141","simply-tooltips","Simply Tooltips"
"sliceanddice-4.3.4-neoforge.jar","659674","8929365","slice-and-dice","Create Slice & Dice"
"SmartBrainLib-neoforge-1.21.1-1.16.11.jar","661293","7055149","smartbrainlib","SmartBrainLib (Forge/Fabric/Quilt)"
"sophisticatedbackpacks-1.21.1-3.26.7.2182.jar","422301","9036628","sophisticated-backpacks","Sophisticated Backpacks"
"sophisticatedcore-1.21.1-1.5.5.2363.jar","618298","9039572","sophisticated-core","Sophisticated Core"
"sophisticatedstorage-1.21.1-1.6.1.2147.jar","619320","9036665","sophisticated-storage","Sophisticated Storage"
"spark-1.10.124-neoforge.jar","361579","6225208","spark","spark"
"structure_layout_optimizer-neoforge-1.0.12.jar","1087831","7439136","structure-layout-optimizer","Structure Layout Optimizer"
"supermartijn642configlib-1.1.8-neoforge-mc1.21.jar","438332","5546996","supermartijn642s-config-lib","SuperMartijn642's Config Lib"
"supermartijn642corelib-1.1.24a-neoforge-mc1.21.jar","454372","8943316","supermartijn642s-core-lib","SuperMartijn642's Core Lib"
"supplementaries-1.21.1-3.9.9-neoforge.jar","412082","8852720","supplementaries","Supplementaries"
"t_and_t-fabric-neoforge-1.13.11.jar","626761","8657120","towns-and-towers","Towns and Towers"
"tectonic-3.0.28-neoforge-21.1.jar","686836","8855043","tectonic","Tectonic"
"TerraBlender-neoforge-1.21.1-4.1.0.8.jar","940057","6054947","terrablender-neoforge","TerraBlender (NeoForge)"
"Terralith_1.21.x_v2.6.2.jar","513688","8222737","terralith","Terralith"
"tombstone-neoforge-1.21.1-9.5.6.jar","243707","8842741","corail-tombstone","Corail Tombstone"
"trashslot-neoforge-1.21.1-21.1.11.jar","235577","8163135","trashslot","TrashSlot"
"voicechat-neoforge-1.21.1-2.6.24.jar","416089","8928478","simple-voice-chat","Simple Voice Chat"
"waystones-neoforge-1.21.1-21.1.46.jar","245755","8969751","waystones","Waystones"
"worldweaver-21.0.25.jar","1422284","8594162","worldweaver-neoforge","WorldWeaver"
"wunderlib-21.0.10.jar","1422273","7469725","wunderlib-neoforge","WunderLib"
"YungsApi-1.21.1-NeoForge-5.1.9.jar","1015100","8894736","yungs-api-neoforge","YUNG's API (NeoForge) [1.20.4-1.21.1 ONLY]"
"YungsBetterCaves-1.21.1-NeoForge-3.1.6.jar","340583","8806071","yungs-better-caves","YUNG's Better Caves (Forge/NeoForge)"
"YungsBetterDesertTemples-1.21.1-NeoForge-4.1.5.jar","1015114","6276955","yungs-better-desert-temples","YUNG's Better Desert Temples"
"YungsBetterDungeons-1.21.1-NeoForge-5.1.4.jar","1015112","5954804","yungs-better-dungeons","YUNG's Better Dungeons"
"YungsBetterJungleTemples-1.21.1-NeoForge-3.1.2.jar","1015123","5924482","yungs-better-jungle-temples","YUNG's Better Jungle Temples"
"YungsBetterMineshafts-1.21.1-NeoForge-5.1.1.jar","1015096","5812193","yungs-better-mineshafts","YUNG's Better Mineshafts"
"YungsBetterNetherFortresses-1.21.1-NeoForge-3.1.5.jar","1015118","6606621","yungs-better-nether-fortresses","YUNG's Better Nether Fortresses"
"YungsBetterOceanMonuments-1.21.1-NeoForge-4.1.2.jar","1015115","5924487","yungs-better-ocean-monuments","YUNG's Better Ocean Monuments"
"YungsBetterStrongholds-1.21.1-NeoForge-5.1.3.jar","1015105","6272264","yungs-better-strongholds","YUNG's Better Strongholds"
"YungsBetterWitchHuts-1.21.1-NeoForge-4.1.1.jar","1015144","5812532","yungs-better-witch-huts","YUNG's Better Witch Huts"
