"slug","name","projectID","fileID","fileName","side","status"
"natures-compass","Nature's Compass","252848","7892954","NaturesCompass-1.21.1-3.4.0-neoforge.jar","both","OK"
"explorers-compass","Explorer's Compass","491794","7892943","ExplorersCompass-1.21.1-3.4.0-neoforge.jar","both","OK"
"naturalist","Naturalist","627986","9004373","naturalist-2.0.5-neoforge-1.21.1.jar","both","OK"
"exposure","Exposure","871755","8957000","exposure-neoforge-1.21.1-1.9.19.jar","both","OK"
"artifacts","Artifacts","312353","8791899","artifacts-neoforge-13.2.5.jar","both","OK"
"comforts","Comforts","276951","7515858","comforts-neoforge-9.0.5+1.21.1.jar","both","OK"
"supplementaries","Supplementaries","412082","8852720","supplementaries-1.21.1-3.9.9-neoforge.jar","both","OK"
"amendments","Amendments","896746","8825641","amendments-1.21-2.1.10-neoforge.jar","both","OK"
"every-compat","Every Compat (Wood Good)","628539","8906311","everycomp-1.21-2.11.52-neoforge.jar","both","OK"
"macaws-fences-and-walls","Macaw's Fences and Walls","453925","7308338","mcw-mcwfences-1.2.1-mc1.21.1neoforge.jar","both","OK"
"macaws-lights-and-lamps","Macaw's Lights and Lamps","502372","7304075","mcw-lights-1.1.5-mc1.21.1neoforge.jar","both","OK"
"macaws-paths-and-pavings","Macaw's Paths and Pavings","629153","7029451","mcw-mcwpaths-1.1.1-mc1.21.1neoforge.jar","both","OK"
"corail-woodcutter","Corail Woodcutter","331983","5749639","corail_woodcutter-neoforge-1.21.1-3.4.2.jar","both","OK"
"polymorph","Polymorph","388800","8849478","polymorph-neoforge-1.2.0+1.21.1.jar","both","OK"
"slice-and-dice","Create Slice & Dice","659674","8929365","sliceanddice-4.3.4-neoforge.jar","both","OK"
"create-food","Create: Food","959439","8995951","createfood-neoforge-1.21.1-3.0.0.jar","both","OK"
"copycats","Create: Copycats+","968398","8822348","copycats-3.0.9+mc.1.21.1-neoforge.jar","both","OK"
"create-enchantment-industry","Create: Enchantment Industry","688768","8900719","create-enchantment-industry-2.5.4.jar","both","OK"
"create-dragons-plus","Create: Dragons Plus","1216624","8900055","CreateDragonsPlus-1.11.9.jar","both","OK"
"ars-nouveau","Ars Nouveau","401955","9052154","ars_nouveau-1.21.1-5.13.3.jar","both","OK"
"occultism","Occultism","361026","8745224","occultism-1.21.1-neoforge-1.224.4.jar","both","OK"
"modonomicon","Modonomicon","538392","8970913","modonomicon-1.21.1-neoforge-1.120.7.jar","both","OK"
"smartbrainlib","SmartBrainLib (Forge/Fabric/Quilt)","661293","7055149","SmartBrainLib-neoforge-1.21.1-1.16.11.jar","both","OK"
"simple-voice-chat","Simple Voice Chat","416089","8928478","voicechat-neoforge-1.21.1-2.6.24.jar","both","OK"
"mouse-tweaks","Mouse Tweaks","60089","5637846","MouseTweaks-neoforge-mc1.21-2.26.1.jar","client","OK"
"inventory-essentials","Inventory Essentials","368825","9035078","inventoryessentials-neoforge-1.21.1-21.1.20.jar","both","OK"
"trashslot","TrashSlot","235577","8163135","trashslot-neoforge-1.21.1-21.1.11.jar","both","OK"
"clumps","Clumps","256717","5623731","Clumps-neoforge-1.21.1-19.0.0.1.jar","both","OK"
"controlling","Controlling","250398","6368976","Controlling-neoforge-1.21.1-19.0.5.jar","client","OK"
"searchables","Searchables","858542","5831692","Searchables-neoforge-1.21.1-1.0.2.jar","client","OK"
"spark","spark","361579","6225208","spark-1.10.124-neoforge.jar","both","OK"
"chunky-pregenerator-forge","Chunky (Forge/NeoForge)","485681","6383261","Chunky-NeoForge-1.4.23.jar","both","OK"
