"Name","Slug","Status","File","Side","ProjectId","FileId"
"Simply Swords [Fabric & Forge]","simply-swords","OK","simplyswords-neoforge-1.70.2-1.21.1.jar","B","659887","8746001"
"Immersive Armors","immersive-armors","OK","immersive_armors-1.7.6+1.21.1-neoforge.jar","B","580681","8076920"
"Terralith","terralith","OK","Terralith_1.21.x_v2.6.2.jar","B","513688","8222737"
"Tectonic","tectonic","OK","tectonic-3.0.28-neoforge-21.1.jar","B","686836","8855043"
"TerraBlender (Forge)","terrablender","NO_NEOFORGE_1211","","B","563928",
"Oh The Trees You'll Grow","oh-the-trees-youll-grow","OK","Oh-The-Trees-Youll-Grow-neoforge-1.21.1-5.3.3.jar","B","962544","9052110"
"Oh The Biomes We've Gone","oh-the-biomes-weve-gone","OK","Oh-The-Biomes-Weve-Gone-NeoForge-2.6.0.jar","B","1070751","8245253"
"Lithostitched","lithostitched","OK","lithostitched-1.8.0-neoforge-21.1.jar","B","936015","8944659"
"YUNG's API (Forge/NeoForge)","yungs-api","NO_NEOFORGE_1211","","B","421850",
"YUNG's Better Caves (Forge/NeoForge)","yungs-better-caves","OK","YungsBetterCaves-1.21.1-NeoForge-3.1.6.jar","B","340583","8806071"
"YUNG's Better Dungeons (Forge/NeoForge)","yungs-better-dungeons","NO_NEOFORGE_1211","","B","510089",
"YUNG's Better Mineshafts (Forge/NeoForge)","yungs-better-mineshafts-forge","NO_NEOFORGE_1211","","B","389665",
"YUNG's Better Strongholds (Forge/NeoForge)","yungs-better-strongholds","NO_NEOFORGE_1211","","B","465575",
"YUNG's Better Ocean Monuments (Forge/NeoForge)","yungs-better-ocean-monuments","NO_NEOFORGE_1211","","B","689238",
"YUNG's Better Nether Fortresses (Forge/NeoForge)","yungs-better-nether-fortresses","NO_NEOFORGE_1211","","B","817651",
"YUNG's Better Jungle Temples (Forge/NeoForge)","yungs-better-jungle-temples","NO_NEOFORGE_1211","","B","897669",
"YUNG's Better Desert Temples (Forge/NeoForge)","yungs-better-desert-temples","NO_NEOFORGE_1211","","B","631016",
"YUNG's Better Witch Huts (Forge/NeoForge)","yungs-better-witch-huts","NO_NEOFORGE_1211","","B","631401",
"choicetheorems-overhauled-village",,"ERROR: No se puede encontrar el archivo especificado.","","B",,
"Towns and Towers","towns-and-towers","OK","t_and_t-fabric-neoforge-1.13.11.jar","B","626761","8657120"
"When Dungeons Arise - Forge!","when-dungeons-arise","OK","DungeonsArise-1.21.1-2.1.68-release.jar","B","442508","7150870"
"Alex's Mobs Continued","alexs-mobs-continued","OK","alexsmobs-2.2.2-neoforge+1.21.1.jar","B","1635121","8915544"
"Codxlib","codxlib","OK","codxlib-1.6.1-neoforge+1.21.1.jar","B","1633207","8893360"
"AmbientSounds 6","ambientsounds","OK","AmbientSounds_NEOFORGE_v6.3.9_mc1.21.1.jar","C","254284","9037168"
"Presence Footsteps","presence-footsteps","NO_NEOFORGE_1211","","C","334259",
"Farmer's Delight","farmers-delight","OK","FarmersDelight-1.21.1-1.3.4.jar","B","398521","8765184"
"barbeques-delight-forge",,"SLUG_NOT_FOUND","","B",,
"Barbeque's Delight [Forge/NeoForge]","barbeques-delight","OK","barbequesdelight-1.3.0.jar","B","1007788","8004721"
"Brewin' And Chewin'","brewin-and-chewin","OK","BrewinAndChewin-neoforge-4.5.0+1.21.1.jar","B","637808","8309583"
"My Nether's Delight","my-nethers-delight","OK","MyNethersDelight-1.21.1-1.10.4.1.jar","B","1003673","8854319"
"Legacy: [Let's Do] Bakery","lets-do-bakery","NO_NEOFORGE_1211","","B","886559",
"[Let's Do] API ","do-api","OK","letsdo-API-forge-1.3.0-beta-release-forge.jar","B","864599","5730908"
"[Let's Do] Meadow","lets-do-meadow","OK","letsdo-meadow-neoforge-1.4.9.jar","B","821483","8913735"
"[Let's Do] Farm & Charm","lets-do-farm-charm","OK","letsdo-farm_and_charm-neoforge-1.1.26.jar","B","1038103","8967051"
"Legacy: [Let's Do] Candlelight","lets-do-candlelight","NO_NEOFORGE_1211","","B","846962",
"Macaw's Doors","macaws-doors","OK","mcw-doors-1.1.5-mc1.21.1neoforge.jar","B","378646","7618651"
"Macaw's Bridges","macaws-bridges","OK","mcw-bridges-3.1.2-mc1.21.1neoforge.jar","B","351725","7627896"
"Macaw's Roofs","macaws-roofs","OK","mcw-roofs-2.3.2-mc1.21.1neoforge.jar","B","352039","6494399"
"Macaw's Windows","macaws-windows","OK","mcw-mcwwindows-2.4.2-mc1.21.1neoforge.jar","B","363569","7317672"
"Macaw's Furniture","macaws-furniture","OK","mcw-furniture-3.4.1-mc1.21.1neoforge.jar","B","359540","7255584"
"Chipped","chipped","OK","chipped-neoforge-1.21.1-4.0.2.jar","B","456956","5813117"
"Rechiseled","rechiseled","OK","rechiseled-1.2.6-neoforge-mc1.21.jar","B","558998","8875899"
"Beautify: Refabricated","beautify-refabricated","NO_NEOFORGE_1211","","B","809311",
"beautify",,"SLUG_NOT_FOUND","","B",,
"Another Furniture","another-furniture","OK","another_furniture-neoforge-4.0.3.jar","B","610492","8955672"
"Handcrafted","handcrafted","OK","handcrafted-neoforge-1.21.1-4.0.3.jar","B","538214","6330030"
"Resourceful Lib","resourceful-lib","OK","resourcefullib-neoforge-1.21-3.0.12.jar","B","570073","5973188"
"Athena","athena","OK","athena-neoforge-1.21.1-4.0.6.jar","B","841890","8061947"
"Fusion (Connected Textures)","fusion-connected-textures","OK","fusion-1.3.15b-neoforge-mc1.21.1.jar","B","854949","8942891"
"moonlight-lib",,"SLUG_NOT_FOUND","","B",,
"Framework","framework","OK","framework-neoforge-1.21.1-0.13.11.jar","B","549225","7530361"
"GeckoLib","geckolib","OK","geckolib-neoforge-1.21.1-4.9.3.jar","B","388172","8893490"
"Citadel","citadel","OK","citadel-2.7.1-1.21.1.jar","B","331936","8458935"
"Fzzy Config","fzzy-config","OK","fzzy_config-0.7.7+1.21+neoforge.jar","B","1005914","8883390"
"Architectury API","architectury-api","OK","architectury-13.0.11-neoforge.jar","B","419699","8492726"
"Simply Tooltips","simply-tooltips","OK","SimplyTooltips-neoforge-0.1.5.jar","B","1475755","8715141"
"TerraBlender (NeoForge)","terrablender-neoforge","OK","TerraBlender-neoforge-1.21.1-4.1.0.8.jar","B","940057","6054947"
"CorgiLib","corgilib","OK","Corgilib-NeoForge-1.21.1-5.0.0.9.jar","B","693313","7773534"
"YUNG's API (NeoForge) [1.20.4-1.21.1 ONLY]","yungs-api-neoforge","OK","YungsApi-1.21.1-NeoForge-5.1.9.jar","B","1015100","8894736"
"Cristel Lib","cristel-lib","OK","cristellib-neoforge-1.21.1-3.1.7.jar","B","856996","8241767"
"CreativeCore","creativecore","OK","CreativeCore_NEOFORGE_v2.13.50_mc1.21.1.jar","C","257814","9009568"
"SuperMartijn642's Config Lib","supermartijn642s-config-lib","OK","supermartijn642configlib-1.1.8-neoforge-mc1.21.jar","B","438332","5546996"
"SuperMartijn642's Core Lib","supermartijn642s-core-lib","OK","supermartijn642corelib-1.1.24a-neoforge-mc1.21.jar","B","454372","8943316"
"Kotlin for Forge","kotlin-for-forge","OK","kotlinforforge-5.12.0-all.jar","B","351264","8335665"
"Cloth Config API (Fabric/Forge/NeoForge)","cloth-config","OK","cloth-config-15.0.140-neoforge.jar","B","348521","5729127"
