slug,fileName,modId,fileId,side,status,bytes
curios,curios-neoforge-9.5.1+1.21.1.jar,309927,6529130,both,ok,410690
playeranimator,player-animation-lib-forge-2.0.4+1.21.1.jar,658587,7389814,both,ok,203149
irons-lib,irons_lib-1.21.1-2.2.0.jar,1492763,8973642,both,ok,462255
irons-spells-n-spellbooks,irons_spellbooks-1.21.1-3.16.3.jar,855414,8680204,both,ok,13890046
lodestone,lodestone-1.21.1-1.8.2.jar,616457,7264731,both,ok,818829
malum,malum-1.21.1-1.8.2.jar,484064,7307339,both,ok,33585331
endremastered,endrem-neoforge-1.21.1-6.3.0.jar,404183,8503446,both,ok,934349
lionfish-api,lionfishapi-3.1.jar,1001614,8345326,both,ok,91596
lendercataclysm,L_Enders_Cataclysm-1.21.1-3.33.jar,551586,8931182,both,ok,73375667
